01.01.2009 00:00;89
01.01.2009 06:00;91
01.01.2009 12:00;90.5
01.01.2009 18:00;81.5
02.01.2009 00:00;88.5
02.01.2009 06:00;90
02.01.2009 12:00;78
02.01.2009 18:00;86
03.01.2009 00:00;90
03.01.2009 06:00;90
03.01.2009 12:00;86
03.01.2009 18:00;86.5
04.01.2009 00:00;90
04.01.2009 06:00;93.5
04.01.2009 12:00;86.5
04.01.2009 18:00;93.5
05.01.2009 00:00;93.5
05.01.2009 06:00;93.5
05.01.2009 12:00;86
05.01.2009 18:00;90
06.01.2009 00:00;90
06.01.2009 06:00;90
06.01.2009 12:00;86
06.01.2009 18:00;88
07.01.2009 00:00;86.5
07.01.2009 06:00;81
07.01.2009 12:00;76
07.01.2009 18:00;73.5
08.01.2009 00:00;82
08.01.2009 06:00;82.5
08.01.2009 12:00;82.5
08.01.2009 18:00;93.5
09.01.2009 00:00;94
09.01.2009 06:00;93.5
09.01.2009 12:00;86
09.01.2009 18:00;91.5
10.01.2009 00:00;93
10.01.2009 06:00;90
10.01.2009 12:00;86.5
10.01.2009 18:00;90.5
11.01.2009 00:00;90
11.01.2009 06:00;91.5
11.01.2009 12:00;91
11.01.2009 18:00;95.5
12.01.2009 00:00;92.5
12.01.2009 06:00;90.5
12.01.2009 12:00;91
12.01.2009 18:00;93
13.01.2009 00:00;75.5
13.01.2009 06:00;72
13.01.2009 12:00;64
13.01.2009 18:00;60.5
14.01.2009 00:00;69
14.01.2009 06:00;80
14.01.2009 12:00;85.5
14.01.2009 18:00;91
15.01.2009 00:00;92.5
15.01.2009 06:00;90
15.01.2009 12:00;79.5
15.01.2009 18:00;93.5
16.01.2009 00:00;94.5
16.01.2009 06:00;95
16.01.2009 12:00;92
16.01.2009 18:00;95
17.01.2009 00:00;94.5
17.01.2009 06:00;93
17.01.2009 12:00;89.5
17.01.2009 18:00;87
18.01.2009 00:00;89
18.01.2009 06:00;93.5
18.01.2009 12:00;90
18.01.2009 18:00;90.5
19.01.2009 00:00;93.5
19.01.2009 06:00;95
19.01.2009 12:00;89.5
19.01.2009 18:00;90
20.01.2009 00:00;93
20.01.2009 06:00;94.5
20.01.2009 12:00;90
20.01.2009 18:00;91
21.01.2009 00:00;96.5
21.01.2009 06:00;93
21.01.2009 12:00;86
21.01.2009 18:00;93.5
22.01.2009 00:00;93
22.01.2009 06:00;90
22.01.2009 12:00;87.5
22.01.2009 18:00;91.5
23.01.2009 00:00;94.5
23.01.2009 06:00;91.5
23.01.2009 12:00;91.5
23.01.2009 18:00;94.5
24.01.2009 00:00;92.5
24.01.2009 06:00;90.5
24.01.2009 12:00;89
24.01.2009 18:00;94.5
25.01.2009 00:00;98
25.01.2009 06:00;98.5
25.01.2009 12:00;98.5
25.01.2009 18:00;98.5
26.01.2009 00:00;94.5
26.01.2009 06:00;91.5
26.01.2009 12:00;92
26.01.2009 18:00;92
27.01.2009 00:00;94
27.01.2009 06:00;95
27.01.2009 12:00;94
27.01.2009 18:00;95.5
28.01.2009 00:00;97
28.01.2009 06:00;97.5
28.01.2009 12:00;97
28.01.2009 18:00;95.5
29.01.2009 00:00;97
29.01.2009 06:00;98.5
29.01.2009 12:00;93
29.01.2009 18:00;92
30.01.2009 00:00;88
30.01.2009 06:00;92
30.01.2009 12:00;91
30.01.2009 18:00;90.5
31.01.2009 00:00;90
31.01.2009 06:00;90
31.01.2009 12:00;86.5
31.01.2009 18:00;83
01.02.2009 00:00;87
01.02.2009 06:00;87
01.02.2009 12:00;79
01.02.2009 18:00;83.5
02.02.2009 00:00;87.5
02.02.2009 06:00;87.5
02.02.2009 12:00;74
02.02.2009 18:00;82.5
03.02.2009 00:00;86.5
03.02.2009 06:00;93.5
03.02.2009 12:00;81
03.02.2009 18:00;86
04.02.2009 00:00;90
04.02.2009 06:00;93.5
04.02.2009 12:00;84
04.02.2009 18:00;94
05.02.2009 00:00;90.5
05.02.2009 06:00;93.5
05.02.2009 12:00;83.5
05.02.2009 18:00;93.5
06.02.2009 00:00;93.5
06.02.2009 06:00;93.5
06.02.2009 12:00;86
06.02.2009 18:00;89.5
07.02.2009 00:00;90.5
07.02.2009 06:00;91
07.02.2009 12:00;90
07.02.2009 18:00;92
08.02.2009 00:00;95
08.02.2009 06:00;98
08.02.2009 12:00;93.5
08.02.2009 18:00;96
09.02.2009 00:00;97.5
09.02.2009 06:00;93
09.02.2009 12:00;94.5
09.02.2009 18:00;94.5
10.02.2009 00:00;91
10.02.2009 06:00;97
10.02.2009 12:00;95.5
10.02.2009 18:00;92.5
11.02.2009 00:00;93
11.02.2009 06:00;92
11.02.2009 12:00;89.5
11.02.2009 18:00;91
12.02.2009 00:00;91
12.02.2009 06:00;91.5
12.02.2009 12:00;86.5
12.02.2009 18:00;91
13.02.2009 00:00;95
13.02.2009 06:00;93.5
13.02.2009 12:00;89.5
13.02.2009 18:00;91
14.02.2009 00:00;93.5
14.02.2009 06:00;93
14.02.2009 12:00;95.5
14.02.2009 18:00;96
15.02.2009 00:00;94.5
15.02.2009 06:00;97
15.02.2009 12:00;97.5
15.02.2009 18:00;97.5
16.02.2009 00:00;97.5
16.02.2009 06:00;97
16.02.2009 12:00;96
16.02.2009 18:00;95.5
17.02.2009 00:00;96
17.02.2009 06:00;93.5
17.02.2009 12:00;89.5
17.02.2009 18:00;94.5
18.02.2009 00:00;97
18.02.2009 06:00;98.5
18.02.2009 12:00;94.5
18.02.2009 18:00;98
19.02.2009 00:00;92.5
19.02.2009 06:00;93.5
19.02.2009 12:00;72
19.02.2009 18:00;90.5
20.02.2009 00:00;95.5
20.02.2009 06:00;96
20.02.2009 12:00;89
20.02.2009 18:00;94
21.02.2009 00:00;94
21.02.2009 06:00;93.5
21.02.2009 12:00;82
21.02.2009 18:00;80
22.02.2009 00:00;73.5
22.02.2009 06:00;86.5
22.02.2009 12:00;77
22.02.2009 18:00;86.5
23.02.2009 00:00;78
23.02.2009 06:00;82.5
23.02.2009 12:00;80.5
23.02.2009 18:00;86.5
24.02.2009 00:00;93.5
24.02.2009 06:00;94
24.02.2009 12:00;77
24.02.2009 18:00;86
25.02.2009 00:00;90
25.02.2009 06:00;93.5
25.02.2009 12:00;85.5
25.02.2009 18:00;90.5
26.02.2009 00:00;93
26.02.2009 06:00;93.5
26.02.2009 12:00;86.5
26.02.2009 18:00;85
27.02.2009 00:00;89
27.02.2009 06:00;88
27.02.2009 12:00;86.5
27.02.2009 18:00;89.5
28.02.2009 00:00;89.5
28.02.2009 06:00;90.5
28.02.2009 12:00;83.5
28.02.2009 18:00;90
01.03.2009 00:00;90.5
01.03.2009 06:00;91.5
01.03.2009 12:00;81.5
01.03.2009 18:00;95
02.03.2009 00:00;95
02.03.2009 06:00;95
02.03.2009 12:00;89.5
02.03.2009 18:00;86.5
03.03.2009 00:00;86.5
03.03.2009 06:00;85
03.03.2009 12:00;64
03.03.2009 18:00;82.5
04.03.2009 00:00;92.5
04.03.2009 06:00;92.5
04.03.2009 12:00;84.5
04.03.2009 18:00;88.5
05.03.2009 00:00;87
05.03.2009 06:00;91
05.03.2009 12:00;67
05.03.2009 18:00;87.5
06.03.2009 00:00;85
06.03.2009 06:00;83
06.03.2009 12:00;70
06.03.2009 18:00;77
07.03.2009 00:00;83
07.03.2009 06:00;88.5
07.03.2009 12:00;73
07.03.2009 18:00;87
08.03.2009 00:00;91.5
08.03.2009 06:00;95
08.03.2009 12:00;90
08.03.2009 18:00;93
09.03.2009 00:00;95.5
09.03.2009 06:00;97
09.03.2009 12:00;93
09.03.2009 18:00;95.5
10.03.2009 00:00;93.5
10.03.2009 06:00;93.5
10.03.2009 12:00;85
10.03.2009 18:00;94.5
11.03.2009 00:00;96
11.03.2009 06:00;96
11.03.2009 12:00;93.5
11.03.2009 18:00;92
12.03.2009 00:00;94.5
12.03.2009 06:00;93
12.03.2009 12:00;72.5
12.03.2009 18:00;89
13.03.2009 00:00;91
13.03.2009 06:00;92.5
13.03.2009 12:00;67
13.03.2009 18:00;70.5
14.03.2009 00:00;83.5
14.03.2009 06:00;83.5
14.03.2009 12:00;62.5
14.03.2009 18:00;72.5
15.03.2009 00:00;81
15.03.2009 06:00;87
15.03.2009 12:00;73
15.03.2009 18:00;77
16.03.2009 00:00;78.5
16.03.2009 06:00;90
16.03.2009 12:00;88
16.03.2009 18:00;89
17.03.2009 00:00;86
17.03.2009 06:00;87
17.03.2009 12:00;56
17.03.2009 18:00;67
18.03.2009 00:00;85.5
18.03.2009 06:00;82.5
18.03.2009 12:00;66.5
18.03.2009 18:00;91
19.03.2009 00:00;92
19.03.2009 06:00;92.5
19.03.2009 12:00;72
19.03.2009 18:00;91.5
20.03.2009 00:00;93.5
20.03.2009 06:00;96
20.03.2009 12:00;74
20.03.2009 18:00;85
21.03.2009 00:00;79
21.03.2009 06:00;88.5
21.03.2009 12:00;91.5
21.03.2009 18:00;92.5
22.03.2009 00:00;92
22.03.2009 06:00;88
22.03.2009 12:00;70.5
22.03.2009 18:00;79.5
23.03.2009 00:00;88.5
23.03.2009 06:00;85.5
23.03.2009 12:00;57.5
23.03.2009 18:00;72
24.03.2009 00:00;113.5
24.03.2009 06:00;80
24.03.2009 12:00;76
24.03.2009 18:00;90.5
25.03.2009 00:00;94.5
25.03.2009 06:00;97.5
25.03.2009 12:00;82.5
25.03.2009 18:00;78.5
26.03.2009 00:00;82.5
26.03.2009 06:00;87
26.03.2009 12:00;69
26.03.2009 18:00;69.5
27.03.2009 00:00;83.5
27.03.2009 06:00;70.5
27.03.2009 12:00;51
27.03.2009 18:00;66.5
28.03.2009 00:00;69
28.03.2009 06:00;73
28.03.2009 12:00;55.5
28.03.2009 18:00;63
29.03.2009 00:00;72
29.03.2009 06:00;75.5
29.03.2009 12:00;59.5
29.03.2009 18:00;73
30.03.2009 00:00;78.5
30.03.2009 06:00;77
30.03.2009 12:00;71.5
30.03.2009 18:00;93.5
31.03.2009 00:00;96
31.03.2009 06:00;97.5
31.03.2009 12:00;86
31.03.2009 18:00;88
01.04.2009 00:00;94.5
01.04.2009 06:00;87.5
01.04.2009 12:00;71
01.04.2009 18:00;93.5
02.04.2009 00:00;90.5
02.04.2009 06:00;91.5
02.04.2009 12:00;68.5
02.04.2009 18:00;85
03.04.2009 00:00;78.5
03.04.2009 06:00;74.5
03.04.2009 12:00;93
03.04.2009 18:00;96
04.04.2009 00:00;91.5
04.04.2009 06:00;86.5
04.04.2009 12:00;65
04.04.2009 18:00;61.5
05.04.2009 00:00;85
05.04.2009 06:00;66.5
05.04.2009 12:00;89.5
05.04.2009 18:00;95
06.04.2009 00:00;93.5
06.04.2009 06:00;86
06.04.2009 12:00;79
06.04.2009 18:00;84
07.04.2009 00:00;86
07.04.2009 06:00;85.5
07.04.2009 12:00;56.5
07.04.2009 18:00;70
08.04.2009 00:00;61
08.04.2009 06:00;53
08.04.2009 12:00;41.5
08.04.2009 18:00;59.5
09.04.2009 00:00;73.5
09.04.2009 06:00;62
09.04.2009 12:00;47.5
09.04.2009 18:00;62
10.04.2009 00:00;71.5
10.04.2009 06:00;62.5
10.04.2009 12:00;47
10.04.2009 18:00;59.5
11.04.2009 00:00;72.5
11.04.2009 06:00;54.5
11.04.2009 12:00;44.5
11.04.2009 18:00;66.5
12.04.2009 00:00;75.5
12.04.2009 06:00;48
12.04.2009 12:00;28
12.04.2009 18:00;65
13.04.2009 00:00;81
13.04.2009 06:00;59.5
13.04.2009 12:00;40
13.04.2009 18:00;83.5
14.04.2009 00:00;88
14.04.2009 06:00;60
14.04.2009 12:00;22.5
14.04.2009 18:00;51
15.04.2009 00:00;70
15.04.2009 06:00;47
15.04.2009 12:00;10.5
15.04.2009 18:00;46
16.04.2009 00:00;68
16.04.2009 06:00;96
16.04.2009 12:00;85.5
16.04.2009 18:00;78
17.04.2009 00:00;88
17.04.2009 06:00;67
17.04.2009 12:00;49
17.04.2009 18:00;74
18.04.2009 00:00;75.5
18.04.2009 06:00;95
18.04.2009 12:00;72.5
18.04.2009 18:00;72.5
19.04.2009 00:00;84
19.04.2009 06:00;83
19.04.2009 12:00;72
19.04.2009 18:00;61
20.04.2009 00:00;75.5
20.04.2009 06:00;66
20.04.2009 12:00;73
20.04.2009 18:00;65.5
21.04.2009 00:00;81
21.04.2009 06:00;85.5
21.04.2009 12:00;53
21.04.2009 18:00;56.5
22.04.2009 00:00;69
22.04.2009 06:00;63.5
22.04.2009 12:00;49.5
22.04.2009 18:00;58.5
23.04.2009 00:00;78.5
23.04.2009 06:00;53.5
23.04.2009 12:00;31.5
23.04.2009 18:00;43
24.04.2009 00:00;74.5
24.04.2009 06:00;48.5
24.04.2009 12:00;33
24.04.2009 18:00;55
25.04.2009 00:00;78
25.04.2009 06:00;39.5
25.04.2009 12:00;20
25.04.2009 18:00;50
26.04.2009 00:00;68
26.04.2009 06:00;57
26.04.2009 12:00;35
26.04.2009 18:00;45
27.04.2009 00:00;45
27.04.2009 06:00;45.5
27.04.2009 12:00;12
27.04.2009 18:00;39.5
28.04.2009 00:00;55.5
28.04.2009 06:00;40.5
28.04.2009 12:00;9
28.04.2009 18:00;53
29.04.2009 00:00;62
29.04.2009 06:00;32
29.04.2009 12:00;7.5
29.04.2009 18:00;47
30.04.2009 00:00;73.5
30.04.2009 06:00;68
30.04.2009 12:00;79
30.04.2009 18:00;79.5
01.05.2009 00:00;79
01.05.2009 06:00;56.5
01.05.2009 12:00;24
01.05.2009 18:00;43
02.05.2009 00:00;80.5
02.05.2009 06:00;34.5
02.05.2009 12:00;26
02.05.2009 18:00;54.5
03.05.2009 00:00;87
03.05.2009 06:00;48.5
03.05.2009 12:00;28.5
03.05.2009 18:00;54.5
04.05.2009 00:00;86
04.05.2009 06:00;45.5
04.05.2009 12:00;20.5
04.05.2009 18:00;52
05.05.2009 00:00;89.5
05.05.2009 06:00;35
05.05.2009 12:00;8.5
05.05.2009 18:00;48
06.05.2009 00:00;79.5
06.05.2009 06:00;47
06.05.2009 12:00;33.5
06.05.2009 18:00;77
07.05.2009 00:00;83.5
07.05.2009 06:00;90
07.05.2009 12:00;72.5
07.05.2009 18:00;83.5
08.05.2009 00:00;92.5
08.05.2009 06:00;81
08.05.2009 12:00;38
08.05.2009 18:00;64.5
09.05.2009 00:00;93
09.05.2009 06:00;46
09.05.2009 12:00;19
09.05.2009 18:00;72.5
10.05.2009 00:00;94
10.05.2009 06:00;68
10.05.2009 12:00;53
10.05.2009 18:00;71
11.05.2009 00:00;97
11.05.2009 06:00;61
11.05.2009 12:00;41
11.05.2009 18:00;74.5
12.05.2009 00:00;96
12.05.2009 06:00;74
12.05.2009 12:00;86.5
12.05.2009 18:00;96
13.05.2009 00:00;96
13.05.2009 06:00;72
13.05.2009 12:00;93.5
13.05.2009 18:00;87.5
14.05.2009 00:00;92.5
14.05.2009 06:00;81.5
14.05.2009 12:00;82
14.05.2009 18:00;82.5
15.05.2009 00:00;87.5
15.05.2009 06:00;87
15.05.2009 12:00;68.5
15.05.2009 18:00;98
16.05.2009 00:00;98
16.05.2009 06:00;88.5
16.05.2009 12:00;80.5
16.05.2009 18:00;86.5
17.05.2009 00:00;86
17.05.2009 06:00;82.5
17.05.2009 12:00;66.5
17.05.2009 18:00;79
18.05.2009 00:00;96
18.05.2009 06:00;61
18.05.2009 12:00;29
18.05.2009 18:00;73.5
19.05.2009 00:00;93
19.05.2009 06:00;59
19.05.2009 12:00;30.5
19.05.2009 18:00;63.5
20.05.2009 00:00;103
20.05.2009 06:00;59
20.05.2009 12:00;56
20.05.2009 18:00;85
21.05.2009 00:00;96
21.05.2009 06:00;69.5
21.05.2009 12:00;92.5
21.05.2009 18:00;83
22.05.2009 00:00;98
22.05.2009 06:00;78
22.05.2009 12:00;86
22.05.2009 18:00;97.5
23.05.2009 00:00;97
23.05.2009 06:00;97
23.05.2009 12:00;96
23.05.2009 18:00;88
24.05.2009 00:00;90.5
24.05.2009 06:00;90.5
24.05.2009 12:00;91.5
24.05.2009 18:00;92.5
25.05.2009 00:00;96.5
25.05.2009 06:00;73.5
25.05.2009 12:00;49.5
25.05.2009 18:00;69.5
26.05.2009 00:00;92
26.05.2009 06:00;56.5
26.05.2009 12:00;38
26.05.2009 18:00;68
27.05.2009 00:00;94.5
27.05.2009 06:00;53
27.05.2009 12:00;36.5
27.05.2009 18:00;65
28.05.2009 00:00;79.5
28.05.2009 06:00;57.5
28.05.2009 12:00;35
28.05.2009 18:00;74.5
29.05.2009 00:00;96
29.05.2009 06:00;70.5
29.05.2009 12:00;40
29.05.2009 18:00;77.5
30.05.2009 00:00;92.5
30.05.2009 06:00;61
30.05.2009 12:00;28.5
30.05.2009 18:00;54.5
31.05.2009 00:00;91
31.05.2009 06:00;58.5
31.05.2009 12:00;35
31.05.2009 18:00;47.5
01.06.2009 00:00;90.5
01.06.2009 06:00;54
01.06.2009 12:00;31.5
01.06.2009 18:00;60.5
02.06.2009 00:00;81
02.06.2009 06:00;71
02.06.2009 12:00;42
02.06.2009 18:00;60.5
03.06.2009 00:00;77.5
03.06.2009 06:00;81
03.06.2009 12:00;77.5
03.06.2009 18:00;92
04.06.2009 00:00;89
04.06.2009 06:00;82
04.06.2009 12:00;63.5
04.06.2009 18:00;69
05.06.2009 00:00;83.5
05.06.2009 06:00;63
05.06.2009 12:00;41
05.06.2009 18:00;57
06.06.2009 00:00;94
06.06.2009 06:00;76.5
06.06.2009 12:00;72.5
06.06.2009 18:00;89
07.06.2009 00:00;95.5
07.06.2009 06:00;65
07.06.2009 12:00;62.5
07.06.2009 18:00;96.5
08.06.2009 00:00;97
08.06.2009 06:00;80
08.06.2009 12:00;74.5
08.06.2009 18:00;81.5
09.06.2009 00:00;95
09.06.2009 06:00;71
09.06.2009 12:00;53.5
09.06.2009 18:00;80.5
10.06.2009 00:00;96.5
10.06.2009 06:00;78
10.06.2009 12:00;53
10.06.2009 18:00;85.5
11.06.2009 00:00;88.5
11.06.2009 06:00;61.5
11.06.2009 12:00;92
12.06.2009 00:00;92.5
12.06.2009 06:00;79.5
12.06.2009 12:00;55
12.06.2009 18:00;71.5
13.06.2009 00:00;94.5
13.06.2009 06:00;68
13.06.2009 12:00;52.5
13.06.2009 18:00;93.5
14.06.2009 00:00;96.5
14.06.2009 06:00;91.5
14.06.2009 12:00;63.5
14.06.2009 18:00;85
15.06.2009 00:00;94
15.06.2009 06:00;63.5
15.06.2009 12:00;66
15.06.2009 18:00;76.5
16.06.2009 00:00;95
16.06.2009 06:00;65
16.06.2009 12:00;57
16.06.2009 18:00;57
17.06.2009 00:00;87
17.06.2009 06:00;74
17.06.2009 12:00;80
17.06.2009 18:00;76.5
18.06.2009 00:00;89.5
18.06.2009 06:00;74
18.06.2009 12:00;58.5
18.06.2009 18:00;62.5
19.06.2009 00:00;81
19.06.2009 06:00;63.5
19.06.2009 12:00;63
19.06.2009 18:00;96.5
20.06.2009 00:00;94.5
20.06.2009 06:00;85.5
20.06.2009 12:00;91
20.06.2009 18:00;95.5
21.06.2009 00:00;98
21.06.2009 06:00;86
21.06.2009 12:00;85
21.06.2009 18:00;92
22.06.2009 00:00;98.5
22.06.2009 06:00;74.5
22.06.2009 12:00;56.5
22.06.2009 18:00;67.5
23.06.2009 00:00;82
23.06.2009 06:00;56
23.06.2009 12:00;39
23.06.2009 18:00;59.5
24.06.2009 00:00;69.5
24.06.2009 06:00;76.5
24.06.2009 12:00;76
24.06.2009 18:00;84.5
25.06.2009 00:00;86
25.06.2009 06:00;94.5
25.06.2009 12:00;96
25.06.2009 18:00;98
26.06.2009 00:00;97
26.06.2009 06:00;93
26.06.2009 12:00;73
26.06.2009 18:00;80
27.06.2009 00:00;96
27.06.2009 06:00;66
27.06.2009 12:00;48.5
27.06.2009 18:00;89
28.06.2009 00:00;78.5
28.06.2009 06:00;69
28.06.2009 12:00;36
28.06.2009 18:00;52.5
29.06.2009 00:00;80
29.06.2009 06:00;81
29.06.2009 12:00;65
29.06.2009 18:00;59
30.06.2009 00:00;93
30.06.2009 06:00;59.5
30.06.2009 12:00;37.5
30.06.2009 18:00;48.5
01.07.2009 00:00;94.5
01.07.2009 06:00;56.5
01.07.2009 12:00;34.5
01.07.2009 18:00;69.5
02.07.2009 00:00;67
02.07.2009 06:00;53.5
02.07.2009 12:00;86
03.07.2009 00:00;94.5
03.07.2009 06:00;84.5
03.07.2009 12:00;43.5
03.07.2009 18:00;89
04.07.2009 00:00;88.5
04.07.2009 06:00;82.5
04.07.2009 12:00;52
04.07.2009 18:00;60.5
05.07.2009 00:00;93
05.07.2009 06:00;79
05.07.2009 12:00;94.5
05.07.2009 18:00;96
06.07.2009 00:00;97
06.07.2009 06:00;95.5
06.07.2009 12:00;73.5
06.07.2009 18:00;93
07.07.2009 00:00;97.5
07.07.2009 06:00;70
07.07.2009 12:00;42
07.07.2009 18:00;74.5
08.07.2009 00:00;95.5
08.07.2009 06:00;76
08.07.2009 12:00;62.5
08.07.2009 18:00;63
09.07.2009 00:00;92
09.07.2009 06:00;95.5
09.07.2009 12:00;83.5
09.07.2009 18:00;89.5
10.07.2009 00:00;96.5
10.07.2009 06:00;98.5
10.07.2009 12:00;98.5
10.07.2009 18:00;92
11.07.2009 00:00;98.5
11.07.2009 06:00;76
11.07.2009 12:00;56.5
11.07.2009 18:00;78.5
12.07.2009 00:00;97
12.07.2009 06:00;67
12.07.2009 12:00;39
12.07.2009 18:00;70
13.07.2009 00:00;97.5
13.07.2009 06:00;73.5
13.07.2009 12:00;54
13.07.2009 18:00;71
14.07.2009 00:00;96
14.07.2009 06:00;78
14.07.2009 12:00;79.5
14.07.2009 18:00;93.5
15.07.2009 00:00;92.5
15.07.2009 06:00;86
15.07.2009 12:00;58
15.07.2009 18:00;70
16.07.2009 00:00;96
16.07.2009 06:00;67.5
16.07.2009 12:00;46.5
16.07.2009 18:00;64.5
17.07.2009 00:00;94
17.07.2009 06:00;68
17.07.2009 12:00;54.5
17.07.2009 18:00;66.5
18.07.2009 00:00;93
18.07.2009 06:00;57.5
18.07.2009 12:00;44
18.07.2009 18:00;77
19.07.2009 00:00;95
19.07.2009 06:00;66
19.07.2009 12:00;51
19.07.2009 18:00;77
20.07.2009 00:00;94
20.07.2009 06:00;72.5
20.07.2009 12:00;67.5
20.07.2009 18:00;97
21.07.2009 00:00;97.5
21.07.2009 06:00;98.5
21.07.2009 12:00;73.5
21.07.2009 18:00;82.5
22.07.2009 00:00;90.5
22.07.2009 06:00;78
22.07.2009 12:00;53
22.07.2009 18:00;82
23.07.2009 00:00;96.5
23.07.2009 06:00;72
23.07.2009 12:00;55
23.07.2009 18:00;72
24.07.2009 00:00;98
24.07.2009 06:00;61
24.07.2009 12:00;50.5
24.07.2009 18:00;67.5
25.07.2009 00:00;89
25.07.2009 06:00;87.5
25.07.2009 12:00;71.5
25.07.2009 18:00;86.5
26.07.2009 00:00;96
26.07.2009 06:00;83
26.07.2009 12:00;59.5
26.07.2009 18:00;84.5
27.07.2009 00:00;96.5
27.07.2009 06:00;77.5
27.07.2009 12:00;61
27.07.2009 18:00;70.5
28.07.2009 00:00;86.5
28.07.2009 06:00;79
28.07.2009 12:00;58.5
28.07.2009 18:00;74
29.07.2009 00:00;94.5
29.07.2009 06:00;80.5
29.07.2009 12:00;69
29.07.2009 18:00;94.5
30.07.2009 00:00;95
30.07.2009 06:00;90
30.07.2009 12:00;60.5
30.07.2009 18:00;82.5
31.07.2009 00:00;96
31.07.2009 06:00;73
31.07.2009 12:00;61
31.07.2009 18:00;78
01.08.2009 00:00;96.5
01.08.2009 06:00;77.5
01.08.2009 12:00;48
01.08.2009 18:00;90
02.08.2009 00:00;97.5
02.08.2009 06:00;98.5
02.08.2009 12:00;76.5
02.08.2009 18:00;88.5
03.08.2009 00:00;96
03.08.2009 06:00;83
03.08.2009 12:00;81.5
03.08.2009 18:00;83.5
04.08.2009 00:00;96
04.08.2009 06:00;97.5
04.08.2009 12:00;85
04.08.2009 18:00;90.5
05.08.2009 00:00;92.5
05.08.2009 06:00;87.5
05.08.2009 12:00;47
05.08.2009 18:00;62.5
06.08.2009 00:00;96
06.08.2009 06:00;65
06.08.2009 12:00;56
06.08.2009 18:00;79.5
07.08.2009 00:00;79
07.08.2009 06:00;79
07.08.2009 12:00;61
07.08.2009 18:00;88.5
08.08.2009 00:00;97
08.08.2009 06:00;86.5
08.08.2009 12:00;51
08.08.2009 18:00;73
09.08.2009 00:00;85.5
09.08.2009 06:00;80
09.08.2009 12:00;57
09.08.2009 18:00;81
10.08.2009 00:00;97.5
10.08.2009 06:00;75.5
10.08.2009 12:00;48.5
10.08.2009 18:00;82.5
11.08.2009 00:00;96.5
11.08.2009 06:00;70.5
11.08.2009 12:00;46
11.08.2009 18:00;72
12.08.2009 00:00;91.5
12.08.2009 06:00;61.5
12.08.2009 12:00;40.5
12.08.2009 18:00;67
13.08.2009 00:00;97
13.08.2009 06:00;55.5
13.08.2009 12:00;48
13.08.2009 18:00;76
14.08.2009 00:00;94.5
14.08.2009 06:00;86.5
14.08.2009 12:00;83.5
14.08.2009 18:00;93.5
15.08.2009 00:00;93.5
15.08.2009 06:00;90.5
15.08.2009 12:00;93.5
15.08.2009 18:00;91.5
16.08.2009 00:00;96
16.08.2009 06:00;87
16.08.2009 12:00;55.5
16.08.2009 18:00;75.5
17.08.2009 00:00;83.5
17.08.2009 06:00;79
17.08.2009 12:00;44
17.08.2009 18:00;58.5
18.08.2009 00:00;81.5
18.08.2009 06:00;77.5
18.08.2009 12:00;82
18.08.2009 18:00;93.5
19.08.2009 00:00;96.5
19.08.2009 06:00;82
19.08.2009 12:00;70
19.08.2009 18:00;80
20.08.2009 00:00;89.5
20.08.2009 06:00;87
20.08.2009 12:00;69.5
20.08.2009 18:00;74.5
21.08.2009 00:00;83.5
21.08.2009 06:00;95
21.08.2009 12:00;91.5
21.08.2009 18:00;93
22.08.2009 00:00;93
22.08.2009 06:00;91
22.08.2009 12:00;82
22.08.2009 18:00;89
23.08.2009 00:00;96
23.08.2009 06:00;95.5
23.08.2009 12:00;91
23.08.2009 18:00;96.5
24.08.2009 00:00;100
24.08.2009 06:00;97
24.08.2009 12:00;96.5
24.08.2009 18:00;98
25.08.2009 00:00;98.5
25.08.2009 06:00;93.5
25.08.2009 12:00;93
25.08.2009 18:00;98
26.08.2009 00:00;99
26.08.2009 06:00;85
26.08.2009 12:00;56.5
26.08.2009 18:00;93.5
27.08.2009 00:00;98.5
27.08.2009 06:00;73
27.08.2009 12:00;62
27.08.2009 18:00;83
28.08.2009 00:00;97
28.08.2009 06:00;96.5
28.08.2009 12:00;88.5
28.08.2009 18:00;98.5
29.08.2009 00:00;99
29.08.2009 06:00;97
29.08.2009 12:00;78
29.08.2009 18:00;96.5
30.08.2009 00:00;98
30.08.2009 06:00;86
30.08.2009 12:00;68
30.08.2009 18:00;83
31.08.2009 00:00;88
31.08.2009 06:00;91
31.08.2009 12:00;66
31.08.2009 18:00;92.5
01.09.2009 00:00;97.5
01.09.2009 06:00;86.5
01.09.2009 12:00;55
01.09.2009 18:00;90
02.09.2009 00:00;97
02.09.2009 06:00;81
02.09.2009 12:00;53.5
02.09.2009 18:00;89
03.09.2009 00:00;96.5
03.09.2009 06:00;73
03.09.2009 12:00;35.5
03.09.2009 18:00;72
04.09.2009 00:00;97
04.09.2009 06:00;77
04.09.2009 12:00;50.5
04.09.2009 18:00;65
05.09.2009 00:00;90
05.09.2009 06:00;73
05.09.2009 12:00;36.5
05.09.2009 18:00;69
06.09.2009 00:00;89
06.09.2009 06:00;77.5
06.09.2009 12:00;95.5
06.09.2009 18:00;99
07.09.2009 00:00;96.5
07.09.2009 06:00;89
07.09.2009 12:00;86
07.09.2009 18:00;94.5
08.09.2009 00:00;97
08.09.2009 06:00;94.5
08.09.2009 12:00;76
08.09.2009 18:00;96
09.09.2009 00:00;100
09.09.2009 06:00;85.5
09.09.2009 12:00;61
09.09.2009 18:00;89
10.09.2009 00:00;99
10.09.2009 06:00;83
10.09.2009 12:00;58
10.09.2009 18:00;90.5
11.09.2009 00:00;98.5
11.09.2009 06:00;88
11.09.2009 12:00;57.5
11.09.2009 18:00;93.5
12.09.2009 00:00;98
12.09.2009 06:00;96
12.09.2009 12:00;65
12.09.2009 18:00;92.5
13.09.2009 00:00;98
13.09.2009 06:00;86.5
13.09.2009 12:00;72.5
13.09.2009 18:00;88
14.09.2009 00:00;97
14.09.2009 06:00;92
14.09.2009 12:00;67.5
14.09.2009 18:00;94.5
15.09.2009 00:00;98
15.09.2009 06:00;83
15.09.2009 12:00;45
15.09.2009 18:00;88
16.09.2009 00:00;98
16.09.2009 06:00;87.5
16.09.2009 12:00;48.5
16.09.2009 18:00;87
17.09.2009 00:00;90
17.09.2009 06:00;80
17.09.2009 12:00;96
18.09.2009 00:00;93.5
18.09.2009 06:00;87.5
18.09.2009 12:00;88
19.09.2009 00:00;96.5
19.09.2009 06:00;83
19.09.2009 12:00;68
19.09.2009 18:00;85.5
20.09.2009 00:00;95
20.09.2009 06:00;94
20.09.2009 12:00;81.5
20.09.2009 18:00;95
21.09.2009 00:00;97
21.09.2009 06:00;87
21.09.2009 12:00;64
21.09.2009 18:00;79.5
22.09.2009 00:00;93
22.09.2009 06:00;90.5
22.09.2009 12:00;66
22.09.2009 18:00;89
23.09.2009 00:00;91.5
23.09.2009 06:00;89.5
23.09.2009 12:00;76
23.09.2009 18:00;79
24.09.2009 00:00;83.5
24.09.2009 06:00;83.5
24.09.2009 12:00;87.5
25.09.2009 00:00;95.5
25.09.2009 06:00;91.5
25.09.2009 12:00;97.5
25.09.2009 18:00;98
26.09.2009 00:00;96.5
26.09.2009 06:00;91
26.09.2009 12:00;70
26.09.2009 18:00;89
27.09.2009 00:00;87
27.09.2009 06:00;91
27.09.2009 12:00;87
27.09.2009 18:00;94
28.09.2009 00:00;93
28.09.2009 06:00;94.5
28.09.2009 12:00;91.5
29.09.2009 00:00;90
29.09.2009 06:00;90.5
29.09.2009 12:00;94
30.09.2009 00:00;89
30.09.2009 06:00;57.5
30.09.2009 12:00;90
01.10.2009 00:00;95
01.10.2009 06:00;91.5
01.10.2009 12:00;67.5
01.10.2009 18:00;70.5
02.10.2009 00:00;94.5
02.10.2009 06:00;92
02.10.2009 12:00;83
02.10.2009 18:00;84
03.10.2009 00:00;86
03.10.2009 06:00;89.5
03.10.2009 12:00;57.5
03.10.2009 18:00;95
04.10.2009 00:00;97.5
04.10.2009 06:00;86
04.10.2009 12:00;68
04.10.2009 18:00;68
05.10.2009 00:00;76
05.10.2009 06:00;82.5
05.10.2009 12:00;61.5
05.10.2009 18:00;83
06.10.2009 00:00;86
06.10.2009 06:00;72.5
06.10.2009 12:00;51.5
06.10.2009 18:00;78
07.10.2009 00:00;92
07.10.2009 06:00;96
07.10.2009 12:00;52
07.10.2009 18:00;62
08.10.2009 00:00;91
08.10.2009 06:00;93.5
08.10.2009 12:00;71
08.10.2009 18:00;93.5
09.10.2009 00:00;98
09.10.2009 06:00;96.5
09.10.2009 12:00;96.5
09.10.2009 18:00;97.5
10.10.2009 00:00;96.5
10.10.2009 06:00;96
10.10.2009 12:00;80.5
10.10.2009 18:00;96
11.10.2009 00:00;96
11.10.2009 06:00;97.5
11.10.2009 12:00;65
11.10.2009 18:00;84.5
12.10.2009 00:00;88
12.10.2009 06:00;96.5
12.10.2009 12:00;97
12.10.2009 18:00;97.5
13.10.2009 00:00;99
13.10.2009 06:00;98
13.10.2009 12:00;87
13.10.2009 18:00;93
14.10.2009 00:00;97.5
14.10.2009 06:00;94
14.10.2009 12:00;82
14.10.2009 18:00;97.5
15.10.2009 00:00;99
15.10.2009 06:00;92
15.10.2009 12:00;68.5
15.10.2009 18:00;93
16.10.2009 00:00;96.5
16.10.2009 06:00;93
16.10.2009 12:00;50
16.10.2009 18:00;68.5
17.10.2009 00:00;98.5
17.10.2009 06:00;94.5
17.10.2009 12:00;89.5
17.10.2009 18:00;84.5
18.10.2009 00:00;94.5
18.10.2009 06:00;94.5
18.10.2009 12:00;71
18.10.2009 18:00;94.5
19.10.2009 00:00;94.5
19.10.2009 06:00;95
19.10.2009 12:00;83.5
19.10.2009 18:00;97.5
20.10.2009 00:00;98.5
20.10.2009 06:00;99.5
20.10.2009 12:00;69
20.10.2009 18:00;96
21.10.2009 00:00;98.5
21.10.2009 06:00;93.5
21.10.2009 12:00;77.5
21.10.2009 18:00;81
22.10.2009 00:00;92.5
22.10.2009 06:00;92.5
22.10.2009 12:00;94.5
22.10.2009 18:00;97
23.10.2009 00:00;98
23.10.2009 06:00;99
23.10.2009 12:00;93
23.10.2009 18:00;95.5
24.10.2009 00:00;99
24.10.2009 06:00;93
24.10.2009 12:00;93.5
24.10.2009 18:00;95.5
25.10.2009 00:00;94
25.10.2009 06:00;92.5
25.10.2009 12:00;81
25.10.2009 18:00;88
26.10.2009 00:00;89.5
26.10.2009 06:00;89.5
26.10.2009 12:00;87
26.10.2009 18:00;90
27.10.2009 00:00;97.5
27.10.2009 06:00;97.5
27.10.2009 12:00;98
27.10.2009 18:00;98
28.10.2009 00:00;97.5
28.10.2009 06:00;97.5
28.10.2009 12:00;99
28.10.2009 18:00;99
29.10.2009 00:00;99
29.10.2009 06:00;94
29.10.2009 12:00;91
29.10.2009 18:00;91
30.10.2009 00:00;88.5
30.10.2009 06:00;80.5
30.10.2009 12:00;75.5
30.10.2009 18:00;75
31.10.2009 00:00;79
01.11.2009 00:00;85.5
01.11.2009 06:00;89.5
01.11.2009 12:00;76.5
01.11.2009 18:00;88.5
02.11.2009 00:00;95.5
02.11.2009 06:00;92.5
02.11.2009 12:00;75.5
02.11.2009 18:00;79
03.11.2009 00:00;84.5
03.11.2009 06:00;84.5
03.11.2009 12:00;92.5
04.11.2009 00:00;79
04.11.2009 06:00;81.5
04.11.2009 12:00;79.5
04.11.2009 18:00;82
05.11.2009 00:00;87.5
05.11.2009 06:00;87.5
05.11.2009 12:00;73
05.11.2009 18:00;76
06.11.2009 00:00;80
06.11.2009 06:00;80.5
06.11.2009 12:00;70.5
06.11.2009 18:00;95
07.11.2009 00:00;97
07.11.2009 06:00;97.5
07.11.2009 12:00;96
07.11.2009 18:00;96
08.11.2009 00:00;94.5
08.11.2009 06:00;99
08.11.2009 12:00;94
08.11.2009 18:00;90
09.11.2009 00:00;97.5
09.11.2009 06:00;97.5
09.11.2009 12:00;95
09.11.2009 18:00;97.5
10.11.2009 00:00;96
10.11.2009 06:00;96
10.11.2009 12:00;97.5
10.11.2009 18:00;96
11.11.2009 00:00;96
11.11.2009 06:00;95
11.11.2009 12:00;97.5
11.11.2009 18:00;96
12.11.2009 00:00;97.5
12.11.2009 06:00;98.5
12.11.2009 12:00;93.5
12.11.2009 18:00;92
13.11.2009 00:00;96.5
13.11.2009 06:00;96.5
13.11.2009 12:00;95.5
13.11.2009 18:00;95.5
14.11.2009 00:00;96.5
14.11.2009 06:00;96.5
14.11.2009 12:00;97.5
14.11.2009 18:00;99
15.11.2009 00:00;100
15.11.2009 06:00;99
15.11.2009 12:00;96
15.11.2009 18:00;94.5
16.11.2009 00:00;97
16.11.2009 06:00;97
16.11.2009 12:00;94.5
16.11.2009 18:00;97
17.11.2009 00:00;97
17.11.2009 06:00;97
17.11.2009 12:00;95.5
17.11.2009 18:00;95.5
18.11.2009 00:00;94.5
18.11.2009 06:00;96
18.11.2009 12:00;96
18.11.2009 18:00;96
19.11.2009 00:00;97
19.11.2009 06:00;97.5
19.11.2009 12:00;96
19.11.2009 18:00;96
20.11.2009 00:00;98.5
20.11.2009 06:00;95.5
20.11.2009 12:00;87.5
20.11.2009 18:00;97
21.11.2009 00:00;97.5
21.11.2009 06:00;97.5
21.11.2009 12:00;96
21.11.2009 18:00;97.5
22.11.2009 00:00;96.5
22.11.2009 06:00;89
22.11.2009 12:00;87
22.11.2009 18:00;90
23.11.2009 00:00;91
23.11.2009 06:00;88.5
23.11.2009 12:00;87
23.11.2009 18:00;88.5
24.11.2009 00:00;91
24.11.2009 06:00;96.5
24.11.2009 12:00;96.5
24.11.2009 18:00;89.5
25.11.2009 00:00;96.5
25.11.2009 06:00;89.5
25.11.2009 12:00;92.5
25.11.2009 18:00;96.5
26.11.2009 00:00;94
26.11.2009 06:00;94
26.11.2009 12:00;86.5
26.11.2009 18:00;90.5
27.11.2009 00:00;93
27.11.2009 06:00;90.5
27.11.2009 12:00;82
27.11.2009 18:00;88
28.11.2009 00:00;94
28.11.2009 06:00;90
28.11.2009 12:00;89
28.11.2009 18:00;92
29.11.2009 00:00;91.5
29.11.2009 06:00;94
29.11.2009 12:00;86.5
29.11.2009 18:00;88.5
30.11.2009 00:00;92.5
30.11.2009 06:00;94
30.11.2009 12:00;88.5
01.12.2009 00:00;93.5
01.12.2009 06:00;88.5
01.12.2009 12:00;92.5
01.12.2009 18:00;90
02.12.2009 00:00;91
02.12.2009 06:00;93.5
02.12.2009 12:00;90
02.12.2009 18:00;92
03.12.2009 00:00;92.5
03.12.2009 06:00;92.5
03.12.2009 12:00;92
03.12.2009 18:00;93.5
04.12.2009 00:00;87
04.12.2009 06:00;87.5
04.12.2009 12:00;81
04.12.2009 18:00;94
05.12.2009 00:00;93.5
05.12.2009 06:00;92.5
05.12.2009 12:00;89.5
05.12.2009 18:00;88.5
06.12.2009 00:00;83
06.12.2009 06:00;87.5
08.12.2009 00:00;94
08.12.2009 06:00;93
09.12.2009 00:00;94
09.12.2009 06:00;93
09.12.2009 12:00;91.5
09.12.2009 18:00;93
10.12.2009 00:00;94
10.12.2009 06:00;94
10.12.2009 12:00;91
10.12.2009 18:00;88
11.12.2009 00:00;91.5
11.12.2009 06:00;91
11.12.2009 12:00;84.5
11.12.2009 18:00;88
12.12.2009 00:00;89.5
12.12.2009 06:00;89
12.12.2009 12:00;87
12.12.2009 18:00;92.5
13.12.2009 00:00;94
13.12.2009 06:00;94
13.12.2009 12:00;92.5
13.12.2009 18:00;94
14.12.2009 00:00;94
14.12.2009 06:00;79
14.12.2009 12:00;79.5
14.12.2009 18:00;83.5
15.12.2009 00:00;87.5
15.12.2009 06:00;87.5
15.12.2009 12:00;80
15.12.2009 18:00;87.5
16.12.2009 00:00;87.5
16.12.2009 06:00;87.5
16.12.2009 12:00;87
16.12.2009 18:00;90.5
17.12.2009 00:00;90.5
17.12.2009 06:00;91
17.12.2009 12:00;83
17.12.2009 18:00;87
18.12.2009 00:00;90.5
18.12.2009 06:00;90.5
18.12.2009 12:00;74
18.12.2009 18:00;87
19.12.2009 00:00;86.5
19.12.2009 06:00;90.5
19.12.2009 12:00;90
19.12.2009 18:00;93.5
20.12.2009 00:00;94
20.12.2009 06:00;83
20.12.2009 12:00;86.5
20.12.2009 18:00;90
21.12.2009 00:00;90
21.12.2009 06:00;94.5
21.12.2009 12:00;89
21.12.2009 18:00;82
22.12.2009 00:00;86.5
22.12.2009 06:00;90.5
22.12.2009 12:00;86.5
22.12.2009 18:00;90
23.12.2009 00:00;90
23.12.2009 06:00;96.5
23.12.2009 12:00;94.5
23.12.2009 18:00;86
24.12.2009 00:00;77.5
24.12.2009 06:00;95
24.12.2009 12:00;94.5
24.12.2009 18:00;84
25.12.2009 00:00;91
25.12.2009 06:00;97
25.12.2009 12:00;90.5
25.12.2009 18:00;97.5
26.12.2009 00:00;98
26.12.2009 06:00;98.5
26.12.2009 12:00;97.5
26.12.2009 18:00;98.5
27.12.2009 00:00;97.5
27.12.2009 06:00;97.5
27.12.2009 12:00;94.5
27.12.2009 18:00;93
28.12.2009 00:00;83.5
28.12.2009 06:00;72
28.12.2009 12:00;78
28.12.2009 18:00;91.5
29.12.2009 00:00;93.5
29.12.2009 06:00;92.5
29.12.2009 12:00;93
29.12.2009 18:00;97
30.12.2009 00:00;100
30.12.2009 06:00;98
30.12.2009 12:00;87.5
30.12.2009 18:00;86.5
31.12.2009 00:00;90
31.12.2009 06:00;92
31.12.2009 12:00;91.5